Sector,Text
قوات الأمن الخاصة,قوات الأمن الخاصة: واجهت مشكلة ولم أجد مساعدة
قوات أمن المنشآت,قوات أمن المنشآت: كل الشكر للموظف اللي ساعدني اليوم
ديوان الوزارة,ديوان الوزارة: لا أحد يرد على الاستفسارات
الإدارة العامة للمجاهدين,الإدارة العامة للمجاهدين: أحتاج إلى توضيح عن الإجراءات
كلية الملك فهد الأمنية,كلية الملك فهد الأمنية: ذهبت للاستفسار فقط
الخدمات الطبية,الخدمات الطبية: خدمة سيئة جداً وتعامل سيء
الجوازات,الجوازات: الموقع لا يعمل منذ الصباح
حرس الحدود,حرس الحدود: لا أحد يرد على الاستفسارات
الإدارة العامة للمجاهدين,الإدارة العامة للمجاهدين: واجهت مشكلة ولم أجد مساعدة
الأمن العام,الأمن العام: خدمة سيئة جداً وتعامل سيء
مركز العمليات الموحدة,مركز العمليات الموحدة: انتظار طويل دون فائدة
الخدمات الطبية,الخدمات الطبية: ما هي متطلبات إصدار الجواز؟
مركز أبحاث الجريمة,مركز أبحاث الجريمة: خدمة ممتازة وسرعة في الإجراءات
قوات الأمن الخاصة,قوات الأمن الخاصة: الخدمة تحسنت كثيراً مؤخراً
مركز أبحاث الجريمة,مركز أبحاث الجريمة: لا أحد يرد على الاستفسارات
الدفاع المدني,الدفاع المدني: كل الشكر للموظف اللي ساعدني اليوم
مركز العمليات الموحدة,مركز العمليات الموحدة: خدمة سيئة جداً وتعامل سيء
قوات الأمن الخاصة,قوات الأمن الخاصة: خدمة سيئة جداً وتعامل سيء
الأمن العام,الأمن العام: انتظار طويل دون فائدة
الأمن العام,الأمن العام: ما هي متطلبات إصدار الجواز؟
الخدمات الطبية,الخدمات الطبية: ما هي متطلبات إصدار الجواز؟
الأمن العام,الأمن العام: تجربة رائعة أشكر جهودكم
ديوان الوزارة,ديوان الوزارة: ذهبت للاستفسار فقط
مركز المعلومات الوطني,مركز المعلومات الوطني: تجربة رائعة أشكر جهودكم
الجوازات,الجوازات: أحتاج إلى توضيح عن الإجراءات
الأمن العام,الأمن العام: كل الشكر للموظف اللي ساعدني اليوم
الأحوال المدنية,الأحوال المدنية: تجربة رائعة أشكر جهودكم
حرس الحدود,حرس الحدود: كل الشكر للموظف اللي ساعدني اليوم
حرس الحدود,حرس الحدود: كل الشكر للموظف اللي ساعدني اليوم
الجوازات,الجوازات: راجعت اليوم الفرع الرئيسي
قوات الأمن الخاصة,قوات الأمن الخاصة: انتظار طويل دون فائدة
الدفاع المدني,الدفاع المدني: كل الشكر للموظف اللي ساعدني اليوم
الجوازات,الجوازات: واجهت مشكلة ولم أجد مساعدة
مكافحة المخدرات,مكافحة المخدرات: انتظار طويل دون فائدة
كلية الملك فهد الأمنية,كلية الملك فهد الأمنية: واجهت مشكلة ولم أجد مساعدة
قوات أمن المنشآت,قوات أمن المنشآت: ذهبت للاستفسار فقط
مركز العمليات الموحدة,مركز العمليات الموحدة: انتظار طويل دون فائدة
قوات أمن المنشآت,قوات أمن المنشآت: واجهت مشكلة ولم أجد مساعدة
ديوان الوزارة,ديوان الوزارة: خدمة سيئة جداً وتعامل سيء
قوات أمن المنشآت,قوات أمن المنشآت: ذهبت للاستفسار فقط
أندية الوزارة,أندية الوزارة: هل يعمل الفرع في يوم الجمعة؟
الأمن العام,الأمن العام: أحتاج إلى توضيح عن الإجراءات
قوات الأمن الخاصة,قوات الأمن الخاصة: انتظار طويل دون فائدة
ديوان الوزارة,ديوان الوزارة: تعامل راقٍ من الموظفين
قوات أمن المنشآت,قوات أمن المنشآت: خدمة ممتازة وسرعة في الإجراءات
الجوازات,الجوازات: الخدمة تحسنت كثيراً مؤخراً
الجوازات,الجوازات: لا أحد يرد على الاستفسارات
الخدمات الطبية,الخدمات الطبية: تعامل راقٍ من الموظفين
مركز العمليات الموحدة,مركز العمليات الموحدة: كل الشكر للموظف اللي ساعدني اليوم
ديوان الوزارة,ديوان الوزارة: الموقع لا يعمل منذ الصباح
الجوازات,الجوازات: هل يعمل الفرع في يوم الجمعة؟
كلية الملك فهد الأمنية,كلية الملك فهد الأمنية: خدمة ممتازة وسرعة في الإجراءات
كلية الملك فهد الأمنية,كلية الملك فهد الأمنية: راجعت اليوم الفرع الرئيسي
الأمن العام,الأمن العام: الخدمة تحسنت كثيراً مؤخراً
قوات أمن المنشآت,قوات أمن المنشآت: خدمة ممتازة وسرعة في الإجراءات
قوات أمن المنشآت,قوات أمن المنشآت: تجربة رائعة أشكر جهودكم
كلية الملك فهد الأمنية,كلية الملك فهد الأمنية: تجربة رائعة أشكر جهودكم
مركز العمليات الموحدة,مركز العمليات الموحدة: كل الشكر للموظف اللي ساعدني اليوم
السجون,السجون: لا أحد يرد على الاستفسارات
مركز المعلومات الوطني,مركز المعلومات الوطني: أحتاج إلى توضيح عن الإجراءات
قوات أمن المنشآت,قوات أمن المنشآت: انتظار طويل دون فائدة
كلية الملك فهد الأمنية,كلية الملك فهد الأمنية: ذهبت للاستفسار فقط
ديوان الوزارة,ديوان الوزارة: الخدمة تحسنت كثيراً مؤخراً
مكافحة المخدرات,مكافحة المخدرات: ما هي متطلبات إصدار الجواز؟
مكافحة المخدرات,مكافحة المخدرات: هل يعمل الفرع في يوم الجمعة؟
الدفاع المدني,الدفاع المدني: خدمة سيئة جداً وتعامل سيء
مركز أبحاث الجريمة,مركز أبحاث الجريمة: ما هي متطلبات إصدار الجواز؟
قوات أمن المنشآت,قوات أمن المنشآت: كل الشكر للموظف اللي ساعدني اليوم
كلية الملك فهد الأمنية,كلية الملك فهد الأمنية: لا أحد يرد على الاستفسارات
ديوان الوزارة,ديوان الوزارة: خدمة ممتازة وسرعة في الإجراءات
الجوازات,الجوازات: كل الشكر للموظف اللي ساعدني اليوم
قوات أمن المنشآت,قوات أمن المنشآت: خدمة ممتازة وسرعة في الإجراءات
كلية الملك فهد الأمنية,كلية الملك فهد الأمنية: خدمة سيئة جداً وتعامل سيء
ديوان الوزارة,ديوان الوزارة: ما هي متطلبات إصدار الجواز؟
ديوان الوزارة,ديوان الوزارة: كل الشكر للموظف اللي ساعدني اليوم
مركز العمليات الموحدة,مركز العمليات الموحدة: انتظار طويل دون فائدة
أندية الوزارة,أندية الوزارة: ما هي متطلبات إصدار الجواز؟
الأمن البيئي,الأمن البيئي: ذهبت للاستفسار فقط
مركز العمليات الموحدة,مركز العمليات الموحدة: واجهت مشكلة ولم أجد مساعدة
الجوازات,الجوازات: انتظار طويل دون فائدة
الأمن البيئي,الأمن البيئي: خدمة ممتازة وسرعة في الإجراءات
مركز أبحاث الجريمة,مركز أبحاث الجريمة: ذهبت للاستفسار فقط
مركز العمليات الموحدة,مركز العمليات الموحدة: لا أحد يرد على الاستفسارات
مركز المعلومات الوطني,مركز المعلومات الوطني: راجعت اليوم الفرع الرئيسي
مركز المعلومات الوطني,مركز المعلومات الوطني: أحتاج إلى توضيح عن الإجراءات
مركز أبحاث الجريمة,مركز أبحاث الجريمة: واجهت مشكلة ولم أجد مساعدة
الإدارة العامة للمجاهدين,الإدارة العامة للمجاهدين: تعامل راقٍ من الموظفين
قوات الأمن الخاصة,قوات الأمن الخاصة: خدمة ممتازة وسرعة في الإجراءات
الأمن البيئي,الأمن البيئي: كل الشكر للموظف اللي ساعدني اليوم
مركز العمليات الموحدة,مركز العمليات الموحدة: تعامل راقٍ من الموظفين
الجوازات,الجوازات: الموقع لا يعمل منذ الصباح
ديوان الوزارة,ديوان الوزارة: انتظار طويل دون فائدة
السجون,السجون: خدمة سيئة جداً وتعامل سيء
حرس الحدود,حرس الحدود: خدمة سيئة جداً وتعامل سيء
أندية الوزارة,أندية الوزارة: الخدمة تحسنت كثيراً مؤخراً
حرس الحدود,حرس الحدود: تجربة رائعة أشكر جهودكم
الجوازات,الجوازات: واجهت مشكلة ولم أجد مساعدة
كلية الملك فهد الأمنية,كلية الملك فهد الأمنية: راجعت اليوم الفرع الرئيسي
الأمن البيئي,الأمن البيئي: انتظار طويل دون فائدة
قوات الأمن الخاصة,قوات الأمن الخاصة: ما هي متطلبات إصدار الجواز؟
ديوان الوزارة,ديوان الوزارة: ذهبت للاستفسار فقط
الجوازات,الجوازات: لا أحد يرد على الاستفسارات
ديوان الوزارة,ديوان الوزارة: تجربة رائعة أشكر جهودكم
الجوازات,الجوازات: الخدمة تحسنت كثيراً مؤخراً
الجوازات,الجوازات: الموقع لا يعمل منذ الصباح
قوات أمن المنشآت,قوات أمن المنشآت: هل يعمل الفرع في يوم الجمعة؟
الأمن العام,الأمن العام: انتظار طويل دون فائدة
الأمن البيئي,الأمن البيئي: أحتاج إلى توضيح عن الإجراءات
الأمن البيئي,الأمن البيئي: هل يعمل الفرع في يوم الجمعة؟
الإدارة العامة للمجاهدين,الإدارة العامة للمجاهدين: كل الشكر للموظف اللي ساعدني اليوم
الأمن العام,الأمن العام: انتظار طويل دون فائدة
ديوان الوزارة,ديوان الوزارة: واجهت مشكلة ولم أجد مساعدة
مركز المعلومات الوطني,مركز المعلومات الوطني: خدمة سيئة جداً وتعامل سيء
كلية الملك فهد الأمنية,كلية الملك فهد الأمنية: كل الشكر للموظف اللي ساعدني اليوم
مركز العمليات الموحدة,مركز العمليات الموحدة: هل يعمل الفرع في يوم الجمعة؟
أندية الوزارة,أندية الوزارة: واجهت مشكلة ولم أجد مساعدة
مركز المعلومات الوطني,مركز المعلومات الوطني: الخدمة تحسنت كثيراً مؤخراً
قوات أمن المنشآت,قوات أمن المنشآت: هل يعمل الفرع في يوم الجمعة؟
حرس الحدود,حرس الحدود: خدمة ممتازة وسرعة في الإجراءات
الجوازات,الجوازات: الموقع لا يعمل منذ الصباح
قوات أمن المنشآت,قوات أمن المنشآت: ذهبت للاستفسار فقط
الخدمات الطبية,الخدمات الطبية: الخدمة تحسنت كثيراً مؤخراً
مركز أبحاث الجريمة,مركز أبحاث الجريمة: واجهت مشكلة ولم أجد مساعدة
مركز المعلومات الوطني,مركز المعلومات الوطني: واجهت مشكلة ولم أجد مساعدة
ديوان الوزارة,ديوان الوزارة: كل الشكر للموظف اللي ساعدني اليوم
الخدمات الطبية,الخدمات الطبية: راجعت اليوم الفرع الرئيسي
الدفاع المدني,الدفاع المدني: خدمة ممتازة وسرعة في الإجراءات
أندية الوزارة,أندية الوزارة: أحتاج إلى توضيح عن الإجراءات
الأمن العام,الأمن العام: الخدمة تحسنت كثيراً مؤخراً
الأمن العام,الأمن العام: الخدمة تحسنت كثيراً مؤخراً
مركز العمليات الموحدة,مركز العمليات الموحدة: ما هي متطلبات إصدار الجواز؟
السجون,السجون: تجربة رائعة أشكر جهودكم
الجوازات,الجوازات: تجربة رائعة أشكر جهودكم
السجون,السجون: راجعت اليوم الفرع الرئيسي
أندية الوزارة,أندية الوزارة: الموقع لا يعمل منذ الصباح
الدفاع المدني,الدفاع المدني: كل الشكر للموظف اللي ساعدني اليوم
الأمن العام,الأمن العام: لا أحد يرد على الاستفسارات
الأحوال المدنية,الأحوال المدنية: خدمة سيئة جداً وتعامل سيء
قوات أمن المنشآت,قوات أمن المنشآت: انتظار طويل دون فائدة
الأمن البيئي,الأمن البيئي: لا أحد يرد على الاستفسارات
الجوازات,الجوازات: كل الشكر للموظف اللي ساعدني اليوم
أندية الوزارة,أندية الوزارة: ذهبت للاستفسار فقط
أندية الوزارة,أندية الوزارة: هل يعمل الفرع في يوم الجمعة؟
الدفاع المدني,الدفاع المدني: كل الشكر للموظف اللي ساعدني اليوم
مركز أبحاث الجريمة,مركز أبحاث الجريمة: الموقع لا يعمل منذ الصباح
كلية الملك فهد الأمنية,كلية الملك فهد الأمنية: تجربة رائعة أشكر جهودكم
مركز أبحاث الجريمة,مركز أبحاث الجريمة: الخدمة تحسنت كثيراً مؤخراً
مركز المعلومات الوطني,مركز المعلومات الوطني: ذهبت للاستفسار فقط
الأمن البيئي,الأمن البيئي: الموقع لا يعمل منذ الصباح
الخدمات الطبية,الخدمات الطبية: خدمة سيئة جداً وتعامل سيء
الخدمات الطبية,الخدمات الطبية: خدمة ممتازة وسرعة في الإجراءات
الأمن البيئي,الأمن البيئي: تعامل راقٍ من الموظفين
قوات الأمن الخاصة,قوات الأمن الخاصة: الموقع لا يعمل منذ الصباح
الجوازات,الجوازات: هل يعمل الفرع في يوم الجمعة؟
حرس الحدود,حرس الحدود: الخدمة تحسنت كثيراً مؤخراً
قوات الأمن الخاصة,قوات الأمن الخاصة: لا أحد يرد على الاستفسارات
قوات أمن المنشآت,قوات أمن المنشآت: ذهبت للاستفسار فقط
مركز العمليات الموحدة,مركز العمليات الموحدة: تعامل راقٍ من الموظفين
الخدمات الطبية,الخدمات الطبية: خدمة ممتازة وسرعة في الإجراءات
ديوان الوزارة,ديوان الوزارة: خدمة ممتازة وسرعة في الإجراءات
الدفاع المدني,الدفاع المدني: الخدمة تحسنت كثيراً مؤخراً
مركز العمليات الموحدة,مركز العمليات الموحدة: لا أحد يرد على الاستفسارات
أندية الوزارة,أندية الوزارة: تعامل راقٍ من الموظفين
الخدمات الطبية,الخدمات الطبية: راجعت اليوم الفرع الرئيسي
مركز أبحاث الجريمة,مركز أبحاث الجريمة: لا أحد يرد على الاستفسارات
قوات الأمن الخاصة,قوات الأمن الخاصة: تجربة رائعة أشكر جهودكم
قوات الأمن الخاصة,قوات الأمن الخاصة: راجعت اليوم الفرع الرئيسي
الأحوال المدنية,الأحوال المدنية: ما هي متطلبات إصدار الجواز؟
مركز أبحاث الجريمة,مركز أبحاث الجريمة: خدمة ممتازة وسرعة في الإجراءات
الأمن البيئي,الأمن البيئي: تعامل راقٍ من الموظفين
مكافحة المخدرات,مكافحة المخدرات: راجعت اليوم الفرع الرئيسي
مكافحة المخدرات,مكافحة المخدرات: خدمة ممتازة وسرعة في الإجراءات
مركز المعلومات الوطني,مركز المعلومات الوطني: الخدمة تحسنت كثيراً مؤخراً
مركز العمليات الموحدة,مركز العمليات الموحدة: خدمة ممتازة وسرعة في الإجراءات
قوات الأمن الخاصة,قوات الأمن الخاصة: تعامل راقٍ من الموظفين
الأحوال المدنية,الأحوال المدنية: خدمة سيئة جداً وتعامل سيء
حرس الحدود,حرس الحدود: تعامل راقٍ من الموظفين
حرس الحدود,حرس الحدود: كل الشكر للموظف اللي ساعدني اليوم
الإدارة العامة للمجاهدين,الإدارة العامة للمجاهدين: خدمة ممتازة وسرعة في الإجراءات
الأمن البيئي,الأمن البيئي: كل الشكر للموظف اللي ساعدني اليوم
الأمن العام,الأمن العام: ما هي متطلبات إصدار الجواز؟
أندية الوزارة,أندية الوزارة: ما هي متطلبات إصدار الجواز؟
مركز العمليات الموحدة,مركز العمليات الموحدة: الموقع لا يعمل منذ الصباح
الأحوال المدنية,الأحوال المدنية: واجهت مشكلة ولم أجد مساعدة
مركز أبحاث الجريمة,مركز أبحاث الجريمة: واجهت مشكلة ولم أجد مساعدة
مركز أبحاث الجريمة,مركز أبحاث الجريمة: تعامل راقٍ من الموظفين
مركز المعلومات الوطني,مركز المعلومات الوطني: كل الشكر للموظف اللي ساعدني اليوم
ديوان الوزارة,ديوان الوزارة: كل الشكر للموظف اللي ساعدني اليوم
قوات الأمن الخاصة,قوات الأمن الخاصة: الموقع لا يعمل منذ الصباح
السجون,السجون: خدمة ممتازة وسرعة في الإجراءات
أندية الوزارة,أندية الوزارة: انتظار طويل دون فائدة
قوات الأمن الخاصة,قوات الأمن الخاصة: هل يعمل الفرع في يوم الجمعة؟
مكافحة المخدرات,مكافحة المخدرات: لا أحد يرد على الاستفسارات
الخدمات الطبية,الخدمات الطبية: خدمة سيئة جداً وتعامل سيء
الجوازات,الجوازات: الخدمة تحسنت كثيراً مؤخراً
أندية الوزارة,أندية الوزارة: لا أحد يرد على الاستفسارات
حرس الحدود,حرس الحدود: تعامل راقٍ من الموظفين
مركز العمليات الموحدة,مركز العمليات الموحدة: تعامل راقٍ من الموظفين
الأحوال المدنية,الأحوال المدنية: راجعت اليوم الفرع الرئيسي
ديوان الوزارة,ديوان الوزارة: خدمة ممتازة وسرعة في الإجراءات
قوات الأمن الخاصة,قوات الأمن الخاصة: واجهت مشكلة ولم أجد مساعدة
قوات أمن المنشآت,قوات أمن المنشآت: كل الشكر للموظف اللي ساعدني اليوم
ديوان الوزارة,ديوان الوزارة: لا أحد يرد على الاستفسارات
الإدارة العامة للمجاهدين,الإدارة العامة للمجاهدين: أحتاج إلى توضيح عن الإجراءات
كلية الملك فهد الأمنية,كلية الملك فهد الأمنية: ذهبت للاستفسار فقط
الخدمات الطبية,الخدمات الطبية: خدمة سيئة جداً وتعامل سيء
الجوازات,الجوازات: الموقع لا يعمل منذ الصباح
حرس الحدود,حرس الحدود: لا أحد يرد على الاستفسارات
الإدارة العامة للمجاهدين,الإدارة العامة للمجاهدين: واجهت مشكلة ولم أجد مساعدة
الأمن العام,الأمن العام: خدمة سيئة جداً وتعامل سيء
مركز العمليات الموحدة,مركز العمليات الموحدة: انتظار طويل دون فائدة
الخدمات الطبية,الخدمات الطبية: ما هي متطلبات إصدار الجواز؟
مركز أبحاث الجريمة,مركز أبحاث الجريمة: خدمة ممتازة وسرعة في الإجراءات
قوات الأمن الخاصة,قوات الأمن الخاصة: الخدمة تحسنت كثيراً مؤخراً
مركز أبحاث الجريمة,مركز أبحاث الجريمة: لا أحد يرد على الاستفسارات
الدفاع المدني,الدفاع المدني: كل الشكر للموظف اللي ساعدني اليوم
مركز العمليات الموحدة,مركز العمليات الموحدة: خدمة سيئة جداً وتعامل سيء
قوات الأمن الخاصة,قوات الأمن الخاصة: خدمة سيئة جداً وتعامل سيء
الأمن العام,الأمن العام: انتظار طويل دون فائدة
الأمن العام,الأمن العام: ما هي متطلبات إصدار الجواز؟
الخدمات الطبية,الخدمات الطبية: ما هي متطلبات إصدار الجواز؟
الأمن العام,الأمن العام: تجربة رائعة أشكر جهودكم
ديوان الوزارة,ديوان الوزارة: ذهبت للاستفسار فقط
مركز المعلومات الوطني,مركز المعلومات الوطني: تجربة رائعة أشكر جهودكم
الجوازات,الجوازات: أحتاج إلى توضيح عن الإجراءات
الأمن العام,الأمن العام: كل الشكر للموظف اللي ساعدني اليوم
الأحوال المدنية,الأحوال المدنية: تجربة رائعة أشكر جهودكم
حرس الحدود,حرس الحدود: كل الشكر للموظف اللي ساعدني اليوم
حرس الحدود,حرس الحدود: كل الشكر للموظف اللي ساعدني اليوم
الجوازات,الجوازات: راجعت اليوم الفرع الرئيسي
قوات الأمن الخاصة,قوات الأمن الخاصة: انتظار طويل دون فائدة
الدفاع المدني,الدفاع المدني: كل الشكر للموظف اللي ساعدني اليوم
الجوازات,الجوازات: واجهت مشكلة ولم أجد مساعدة
مكافحة المخدرات,مكافحة المخدرات: انتظار طويل دون فائدة
كلية الملك فهد الأمنية,كلية الملك فهد الأمنية: واجهت مشكلة ولم أجد مساعدة
قوات أمن المنشآت,قوات أمن المنشآت: ذهبت للاستفسار فقط
مركز العمليات الموحدة,مركز العمليات الموحدة: انتظار طويل دون فائدة
قوات أمن المنشآت,قوات أمن المنشآت: واجهت مشكلة ولم أجد مساعدة
ديوان الوزارة,ديوان الوزارة: خدمة سيئة جداً وتعامل سيء
قوات أمن المنشآت,قوات أمن المنشآت: ذهبت للاستفسار فقط
أندية الوزارة,أندية الوزارة: هل يعمل الفرع في يوم الجمعة؟
الأمن العام,الأمن العام: أحتاج إلى توضيح عن الإجراءات
قوات الأمن الخاصة,قوات الأمن الخاصة: انتظار طويل دون فائدة
ديوان الوزارة,ديوان الوزارة: تعامل راقٍ من الموظفين
قوات أمن المنشآت,قوات أمن المنشآت: خدمة ممتازة وسرعة في الإجراءات
الجوازات,الجوازات: الخدمة تحسنت كثيراً مؤخراً
الجوازات,الجوازات: لا أحد يرد على الاستفسارات
الخدمات الطبية,الخدمات الطبية: تعامل راقٍ من الموظفين
مركز العمليات الموحدة,مركز العمليات الموحدة: كل الشكر للموظف اللي ساعدني اليوم
ديوان الوزارة,ديوان الوزارة: الموقع لا يعمل منذ الصباح
الجوازات,الجوازات: هل يعمل الفرع في يوم الجمعة؟
كلية الملك فهد الأمنية,كلية الملك فهد الأمنية: خدمة ممتازة وسرعة في الإجراءات
كلية الملك فهد الأمنية,كلية الملك فهد الأمنية: راجعت اليوم الفرع الرئيسي
الأمن العام,الأمن العام: الخدمة تحسنت كثيراً مؤخراً
قوات أمن المنشآت,قوات أمن المنشآت: خدمة ممتازة وسرعة في الإجراءات
قوات أمن المنشآت,قوات أمن المنشآت: تجربة رائعة أشكر جهودكم
كلية الملك فهد الأمنية,كلية الملك فهد الأمنية: تجربة رائعة أشكر جهودكم
مركز العمليات الموحدة,مركز العمليات الموحدة: كل الشكر للموظف اللي ساعدني اليوم
السجون,السجون: لا أحد يرد على الاستفسارات
مركز المعلومات الوطني,مركز المعلومات الوطني: أحتاج إلى توضيح عن الإجراءات
قوات أمن المنشآت,قوات أمن المنشآت: انتظار طويل دون فائدة
كلية الملك فهد الأمنية,كلية الملك فهد الأمنية: ذهبت للاستفسار فقط
ديوان الوزارة,ديوان الوزارة: الخدمة تحسنت كثيراً مؤخراً
مكافحة المخدرات,مكافحة المخدرات: ما هي متطلبات إصدار الجواز؟
مكافحة المخدرات,مكافحة المخدرات: هل يعمل الفرع في يوم الجمعة؟
الدفاع المدني,الدفاع المدني: خدمة سيئة جداً وتعامل سيء
مركز أبحاث الجريمة,مركز أبحاث الجريمة: ما هي متطلبات إصدار الجواز؟
قوات أمن المنشآت,قوات أمن المنشآت: كل الشكر للموظف اللي ساعدني اليوم
كلية الملك فهد الأمنية,كلية الملك فهد الأمنية: لا أحد يرد على الاستفسارات
ديوان الوزارة,ديوان الوزارة: خدمة ممتازة وسرعة في الإجراءات
الجوازات,الجوازات: كل الشكر للموظف اللي ساعدني اليوم
قوات أمن المنشآت,قوات أمن المنشآت: خدمة ممتازة وسرعة في الإجراءات
كلية الملك فهد الأمنية,كلية الملك فهد الأمنية: خدمة سيئة جداً وتعامل سيء
ديوان الوزارة,ديوان الوزارة: ما هي متطلبات إصدار الجواز؟
ديوان الوزارة,ديوان الوزارة: كل الشكر للموظف اللي ساعدني اليوم
مركز العمليات الموحدة,مركز العمليات الموحدة: انتظار طويل دون فائدة
أندية الوزارة,أندية الوزارة: ما هي متطلبات إصدار الجواز؟
الأمن البيئي,الأمن البيئي: ذهبت للاستفسار فقط
مركز العمليات الموحدة,مركز العمليات الموحدة: واجهت مشكلة ولم أجد مساعدة
الجوازات,الجوازات: انتظار طويل دون فائدة
الأمن البيئي,الأمن البيئي: خدمة ممتازة وسرعة في الإجراءات
مركز أبحاث الجريمة,مركز أبحاث الجريمة: ذهبت للاستفسار فقط
مركز العمليات الموحدة,مركز العمليات الموحدة: لا أحد يرد على الاستفسارات
مركز المعلومات الوطني,مركز المعلومات الوطني: راجعت اليوم الفرع الرئيسي
مركز المعلومات الوطني,مركز المعلومات الوطني: أحتاج إلى توضيح عن الإجراءات
مركز أبحاث الجريمة,مركز أبحاث الجريمة: واجهت مشكلة ولم أجد مساعدة
الإدارة العامة للمجاهدين,الإدارة العامة للمجاهدين: تعامل راقٍ من الموظفين
قوات الأمن الخاصة,قوات الأمن الخاصة: خدمة ممتازة وسرعة في الإجراءات
الأمن البيئي,الأمن البيئي: كل الشكر للموظف اللي ساعدني اليوم
مركز العمليات الموحدة,مركز العمليات الموحدة: تعامل راقٍ من الموظفين
الجوازات,الجوازات: الموقع لا يعمل منذ الصباح
ديوان الوزارة,ديوان الوزارة: انتظار طويل دون فائدة
السجون,السجون: خدمة سيئة جداً وتعامل سيء
حرس الحدود,حرس الحدود: خدمة سيئة جداً وتعامل سيء
أندية الوزارة,أندية الوزارة: الخدمة تحسنت كثيراً مؤخراً
حرس الحدود,حرس الحدود: تجربة رائعة أشكر جهودكم
الجوازات,الجوازات: واجهت مشكلة ولم أجد مساعدة
كلية الملك فهد الأمنية,كلية الملك فهد الأمنية: راجعت اليوم الفرع الرئيسي
الأمن البيئي,الأمن البيئي: انتظار طويل دون فائدة
قوات الأمن الخاصة,قوات الأمن الخاصة: ما هي متطلبات إصدار الجواز؟
ديوان الوزارة,ديوان الوزارة: ذهبت للاستفسار فقط
الجوازات,الجوازات: لا أحد يرد على الاستفسارات
ديوان الوزارة,ديوان الوزارة: تجربة رائعة أشكر جهودكم
الجوازات,الجوازات: الخدمة تحسنت كثيراً مؤخراً
الجوازات,الجوازات: الموقع لا يعمل منذ الصباح
قوات أمن المنشآت,قوات أمن المنشآت: هل يعمل الفرع في يوم الجمعة؟
الأمن العام,الأمن العام: انتظار طويل دون فائدة
الأمن البيئي,الأمن البيئي: أحتاج إلى توضيح عن الإجراءات
الأمن البيئي,الأمن البيئي: هل يعمل الفرع في يوم الجمعة؟
الإدارة العامة للمجاهدين,الإدارة العامة للمجاهدين: كل الشكر للموظف اللي ساعدني اليوم
الأمن العام,الأمن العام: انتظار طويل دون فائدة
ديوان الوزارة,ديوان الوزارة: واجهت مشكلة ولم أجد مساعدة
مركز المعلومات الوطني,مركز المعلومات الوطني: خدمة سيئة جداً وتعامل سيء
كلية الملك فهد الأمنية,كلية الملك فهد الأمنية: كل الشكر للموظف اللي ساعدني اليوم
مركز العمليات الموحدة,مركز العمليات الموحدة: هل يعمل الفرع في يوم الجمعة؟
أندية الوزارة,أندية الوزارة: واجهت مشكلة ولم أجد مساعدة
مركز المعلومات الوطني,مركز المعلومات الوطني: الخدمة تحسنت كثيراً مؤخراً
قوات أمن المنشآت,قوات أمن المنشآت: هل يعمل الفرع في يوم الجمعة؟
حرس الحدود,حرس الحدود: خدمة ممتازة وسرعة في الإجراءات
الجوازات,الجوازات: الموقع لا يعمل منذ الصباح
قوات أمن المنشآت,قوات أمن المنشآت: ذهبت للاستفسار فقط
الخدمات الطبية,الخدمات الطبية: الخدمة تحسنت كثيراً مؤخراً
مركز أبحاث الجريمة,مركز أبحاث الجريمة: واجهت مشكلة ولم أجد مساعدة
مركز المعلومات الوطني,مركز المعلومات الوطني: واجهت مشكلة ولم أجد مساعدة
ديوان الوزارة,ديوان الوزارة: كل الشكر للموظف اللي ساعدني اليوم
الخدمات الطبية,الخدمات الطبية: راجعت اليوم الفرع الرئيسي
الدفاع المدني,الدفاع المدني: خدمة ممتازة وسرعة في الإجراءات
أندية الوزارة,أندية الوزارة: أحتاج إلى توضيح عن الإجراءات
الأمن العام,الأمن العام: الخدمة تحسنت كثيراً مؤخراً
الأمن العام,الأمن العام: الخدمة تحسنت كثيراً مؤخراً
مركز العمليات الموحدة,مركز العمليات الموحدة: ما هي متطلبات إصدار الجواز؟
السجون,السجون: تجربة رائعة أشكر جهودكم
الجوازات,الجوازات: تجربة رائعة أشكر جهودكم
السجون,السجون: راجعت اليوم الفرع الرئيسي
أندية الوزارة,أندية الوزارة: الموقع لا يعمل منذ الصباح
الدفاع المدني,الدفاع المدني: كل الشكر للموظف اللي ساعدني اليوم
الأمن العام,الأمن العام: لا أحد يرد على الاستفسارات
الأحوال المدنية,الأحوال المدنية: خدمة سيئة جداً وتعامل سيء
قوات أمن المنشآت,قوات أمن المنشآت: انتظار طويل دون فائدة
الأمن البيئي,الأمن البيئي: لا أحد يرد على الاستفسارات
الجوازات,الجوازات: كل الشكر للموظف اللي ساعدني اليوم
أندية الوزارة,أندية الوزارة: ذهبت للاستفسار فقط
أندية الوزارة,أندية الوزارة: هل يعمل الفرع في يوم الجمعة؟
الدفاع المدني,الدفاع المدني: كل الشكر للموظف اللي ساعدني اليوم
مركز أبحاث الجريمة,مركز أبحاث الجريمة: الموقع لا يعمل منذ الصباح
كلية الملك فهد الأمنية,كلية الملك فهد الأمنية: تجربة رائعة أشكر جهودكم
مركز أبحاث الجريمة,مركز أبحاث الجريمة: الخدمة تحسنت كثيراً مؤخراً
مركز المعلومات الوطني,مركز المعلومات الوطني: ذهبت للاستفسار فقط
الأمن البيئي,الأمن البيئي: الموقع لا يعمل منذ الصباح
الخدمات الطبية,الخدمات الطبية: خدمة سيئة جداً وتعامل سيء
الخدمات الطبية,الخدمات الطبية: خدمة ممتازة وسرعة في الإجراءات
الأمن البيئي,الأمن البيئي: تعامل راقٍ من الموظفين
قوات الأمن الخاصة,قوات الأمن الخاصة: الموقع لا يعمل منذ الصباح
الجوازات,الجوازات: هل يعمل الفرع في يوم الجمعة؟
حرس الحدود,حرس الحدود: الخدمة تحسنت كثيراً مؤخراً
قوات الأمن الخاصة,قوات الأمن الخاصة: لا أحد يرد على الاستفسارات
قوات أمن المنشآت,قوات أمن المنشآت: ذهبت للاستفسار فقط
مركز العمليات الموحدة,مركز العمليات الموحدة: تعامل راقٍ من الموظفين
الخدمات الطبية,الخدمات الطبية: خدمة ممتازة وسرعة في الإجراءات
ديوان الوزارة,ديوان الوزارة: خدمة ممتازة وسرعة في الإجراءات
الدفاع المدني,الدفاع المدني: الخدمة تحسنت كثيراً مؤخراً
مركز العمليات الموحدة,مركز العمليات الموحدة: لا أحد يرد على الاستفسارات
أندية الوزارة,أندية الوزارة: تعامل راقٍ من الموظفين
الخدمات الطبية,الخدمات الطبية: راجعت اليوم الفرع الرئيسي
مركز أبحاث الجريمة,مركز أبحاث الجريمة: لا أحد يرد على الاستفسارات
قوات الأمن الخاصة,قوات الأمن الخاصة: تجربة رائعة أشكر جهودكم
قوات الأمن الخاصة,قوات الأمن الخاصة: راجعت اليوم الفرع الرئيسي
الأحوال المدنية,الأحوال المدنية: ما هي متطلبات إصدار الجواز؟
مركز أبحاث الجريمة,مركز أبحاث الجريمة: خدمة ممتازة وسرعة في الإجراءات
الأمن البيئي,الأمن البيئي: تعامل راقٍ من الموظفين
مكافحة المخدرات,مكافحة المخدرات: راجعت اليوم الفرع الرئيسي
مكافحة المخدرات,مكافحة المخدرات: خدمة ممتازة وسرعة في الإجراءات
مركز المعلومات الوطني,مركز المعلومات الوطني: الخدمة تحسنت كثيراً مؤخراً
مركز العمليات الموحدة,مركز العمليات الموحدة: خدمة ممتازة وسرعة في الإجراءات
قوات الأمن الخاصة,قوات الأمن الخاصة: تعامل راقٍ من الموظفين
الأحوال المدنية,الأحوال المدنية: خدمة سيئة جداً وتعامل سيء
حرس الحدود,حرس الحدود: تعامل راقٍ من الموظفين
حرس الحدود,حرس الحدود: كل الشكر للموظف اللي ساعدني اليوم
الإدارة العامة للمجاهدين,الإدارة العامة للمجاهدين: خدمة ممتازة وسرعة في الإجراءات
الأمن البيئي,الأمن البيئي: كل الشكر للموظف اللي ساعدني اليوم
الأمن العام,الأمن العام: ما هي متطلبات إصدار الجواز؟
أندية الوزارة,أندية الوزارة: ما هي متطلبات إصدار الجواز؟
مركز العمليات الموحدة,مركز العمليات الموحدة: الموقع لا يعمل منذ الصباح
الأحوال المدنية,الأحوال المدنية: واجهت مشكلة ولم أجد مساعدة
مركز أبحاث الجريمة,مركز أبحاث الجريمة: واجهت مشكلة ولم أجد مساعدة
مركز أبحاث الجريمة,مركز أبحاث الجريمة: تعامل راقٍ من الموظفين
مركز المعلومات الوطني,مركز المعلومات الوطني: كل الشكر للموظف اللي ساعدني اليوم
ديوان الوزارة,ديوان الوزارة: كل الشكر للموظف اللي ساعدني اليوم
قوات الأمن الخاصة,قوات الأمن الخاصة: الموقع لا يعمل منذ الصباح
السجون,السجون: خدمة ممتازة وسرعة في الإجراءات
أندية الوزارة,أندية الوزارة: انتظار طويل دون فائدة
قوات الأمن الخاصة,قوات الأمن الخاصة: هل يعمل الفرع في يوم الجمعة؟
مكافحة المخدرات,مكافحة المخدرات: لا أحد يرد على الاستفسارات
الخدمات الطبية,الخدمات الطبية: خدمة سيئة جداً وتعامل سيء
الجوازات,الجوازات: الخدمة تحسنت كثيراً مؤخراً
أندية الوزارة,أندية الوزارة: لا أحد يرد على الاستفسارات
حرس الحدود,حرس الحدود: تعامل راقٍ من الموظفين
مركز العمليات الموحدة,مركز العمليات الموحدة: تعامل راقٍ من الموظفين
الأحوال المدنية,الأحوال المدنية: راجعت اليوم الفرع الرئيسي
ديوان الوزارة,ديوان الوزارة: خدمة ممتازة وسرعة في الإجراءات
قوات الأمن الخاصة,قوات الأمن الخاصة: واجهت مشكلة ولم أجد مساعدة
قوات أمن المنشآت,قوات أمن المنشآت: كل الشكر للموظف اللي ساعدني اليوم
ديوان الوزارة,ديوان الوزارة: لا أحد يرد على الاستفسارات
الإدارة العامة للمجاهدين,الإدارة العامة للمجاهدين: أحتاج إلى توضيح عن الإجراءات
كلية الملك فهد الأمنية,كلية الملك فهد الأمنية: ذهبت للاستفسار فقط
الخدمات الطبية,الخدمات الطبية: خدمة سيئة جداً وتعامل سيء
الجوازات,الجوازات: الموقع لا يعمل منذ الصباح
حرس الحدود,حرس الحدود: لا أحد يرد على الاستفسارات
الإدارة العامة للمجاهدين,الإدارة العامة للمجاهدين: واجهت مشكلة ولم أجد مساعدة
الأمن العام,الأمن العام: خدمة سيئة جداً وتعامل سيء
مركز العمليات الموحدة,مركز العمليات الموحدة: انتظار طويل دون فائدة
الخدمات الطبية,الخدمات الطبية: ما هي متطلبات إصدار الجواز؟
مركز أبحاث الجريمة,مركز أبحاث الجريمة: خدمة ممتازة وسرعة في الإجراءات
قوات الأمن الخاصة,قوات الأمن الخاصة: الخدمة تحسنت كثيراً مؤخراً
مركز أبحاث الجريمة,مركز أبحاث الجريمة: لا أحد يرد على الاستفسارات
الدفاع المدني,الدفاع المدني: كل الشكر للموظف اللي ساعدني اليوم
مركز العمليات الموحدة,مركز العمليات الموحدة: خدمة سيئة جداً وتعامل سيء
قوات الأمن الخاصة,قوات الأمن الخاصة: خدمة سيئة جداً وتعامل سيء
الأمن العام,الأمن العام: انتظار طويل دون فائدة
الأمن العام,الأمن العام: ما هي متطلبات إصدار الجواز؟
الخدمات الطبية,الخدمات الطبية: ما هي متطلبات إصدار الجواز؟
الأمن العام,الأمن العام: تجربة رائعة أشكر جهودكم
ديوان الوزارة,ديوان الوزارة: ذهبت للاستفسار فقط
مركز المعلومات الوطني,مركز المعلومات الوطني: تجربة رائعة أشكر جهودكم
الجوازات,الجوازات: أحتاج إلى توضيح عن الإجراءات
الأمن العام,الأمن العام: كل الشكر للموظف اللي ساعدني اليوم
الأحوال المدنية,الأحوال المدنية: تجربة رائعة أشكر جهودكم
حرس الحدود,حرس الحدود: كل الشكر للموظف اللي ساعدني اليوم
حرس الحدود,حرس الحدود: كل الشكر للموظف اللي ساعدني اليوم
الجوازات,الجوازات: راجعت اليوم الفرع الرئيسي
قوات الأمن الخاصة,قوات الأمن الخاصة: انتظار طويل دون فائدة
الدفاع المدني,الدفاع المدني: كل الشكر للموظف اللي ساعدني اليوم
الجوازات,الجوازات: واجهت مشكلة ولم أجد مساعدة
مكافحة المخدرات,مكافحة المخدرات: انتظار طويل دون فائدة
كلية الملك فهد الأمنية,كلية الملك فهد الأمنية: واجهت مشكلة ولم أجد مساعدة
قوات أمن المنشآت,قوات أمن المنشآت: ذهبت للاستفسار فقط
مركز العمليات الموحدة,مركز العمليات الموحدة: انتظار طويل دون فائدة
قوات أمن المنشآت,قوات أمن المنشآت: واجهت مشكلة ولم أجد مساعدة
ديوان الوزارة,ديوان الوزارة: خدمة سيئة جداً وتعامل سيء
قوات أمن المنشآت,قوات أمن المنشآت: ذهبت للاستفسار فقط
أندية الوزارة,أندية الوزارة: هل يعمل الفرع في يوم الجمعة؟
الأمن العام,الأمن العام: أحتاج إلى توضيح عن الإجراءات
قوات الأمن الخاصة,قوات الأمن الخاصة: انتظار طويل دون فائدة
ديوان الوزارة,ديوان الوزارة: تعامل راقٍ من الموظفين
قوات أمن المنشآت,قوات أمن المنشآت: خدمة ممتازة وسرعة في الإجراءات
الجوازات,الجوازات: الخدمة تحسنت كثيراً مؤخراً
الجوازات,الجوازات: لا أحد يرد على الاستفسارات
الخدمات الطبية,الخدمات الطبية: تعامل راقٍ من الموظفين
مركز العمليات الموحدة,مركز العمليات الموحدة: كل الشكر للموظف اللي ساعدني اليوم
ديوان الوزارة,ديوان الوزارة: الموقع لا يعمل منذ الصباح
الجوازات,الجوازات: هل يعمل الفرع في يوم الجمعة؟
كلية الملك فهد الأمنية,كلية الملك فهد الأمنية: خدمة ممتازة وسرعة في الإجراءات
كلية الملك فهد الأمنية,كلية الملك فهد الأمنية: راجعت اليوم الفرع الرئيسي
الأمن العام,الأمن العام: الخدمة تحسنت كثيراً مؤخراً
قوات أمن المنشآت,قوات أمن المنشآت: خدمة ممتازة وسرعة في الإجراءات
قوات أمن المنشآت,قوات أمن المنشآت: تجربة رائعة أشكر جهودكم
كلية الملك فهد الأمنية,كلية الملك فهد الأمنية: تجربة رائعة أشكر جهودكم
مركز العمليات الموحدة,مركز العمليات الموحدة: كل الشكر للموظف اللي ساعدني اليوم
السجون,السجون: لا أحد يرد على الاستفسارات
مركز المعلومات الوطني,مركز المعلومات الوطني: أحتاج إلى توضيح عن الإجراءات
قوات أمن المنشآت,قوات أمن المنشآت: انتظار طويل دون فائدة
كلية الملك فهد الأمنية,كلية الملك فهد الأمنية: ذهبت للاستفسار فقط
ديوان الوزارة,ديوان الوزارة: الخدمة تحسنت كثيراً مؤخراً
مكافحة المخدرات,مكافحة المخدرات: ما هي متطلبات إصدار الجواز؟
مكافحة المخدرات,مكافحة المخدرات: هل يعمل الفرع في يوم الجمعة؟
الدفاع المدني,الدفاع المدني: خدمة سيئة جداً وتعامل سيء
مركز أبحاث الجريمة,مركز أبحاث الجريمة: ما هي متطلبات إصدار الجواز؟
قوات أمن المنشآت,قوات أمن المنشآت: كل الشكر للموظف اللي ساعدني اليوم
كلية الملك فهد الأمنية,كلية الملك فهد الأمنية: لا أحد يرد على الاستفسارات
ديوان الوزارة,ديوان الوزارة: خدمة ممتازة وسرعة في الإجراءات
الجوازات,الجوازات: كل الشكر للموظف اللي ساعدني اليوم
قوات أمن المنشآت,قوات أمن المنشآت: خدمة ممتازة وسرعة في الإجراءات
كلية الملك فهد الأمنية,كلية الملك فهد الأمنية: خدمة سيئة جداً وتعامل سيء
ديوان الوزارة,ديوان الوزارة: ما هي متطلبات إصدار الجواز؟
ديوان الوزارة,ديوان الوزارة: كل الشكر للموظف اللي ساعدني اليوم
مركز العمليات الموحدة,مركز العمليات الموحدة: انتظار طويل دون فائدة
أندية الوزارة,أندية الوزارة: ما هي متطلبات إصدار الجواز؟
الأمن البيئي,الأمن البيئي: ذهبت للاستفسار فقط
مركز العمليات الموحدة,مركز العمليات الموحدة: واجهت مشكلة ولم أجد مساعدة
الجوازات,الجوازات: انتظار طويل دون فائدة
الأمن البيئي,الأمن البيئي: خدمة ممتازة وسرعة في الإجراءات
مركز أبحاث الجريمة,مركز أبحاث الجريمة: ذهبت للاستفسار فقط
مركز العمليات الموحدة,مركز العمليات الموحدة: لا أحد يرد على الاستفسارات
مركز المعلومات الوطني,مركز المعلومات الوطني: راجعت اليوم الفرع الرئيسي
مركز المعلومات الوطني,مركز المعلومات الوطني: أحتاج إلى توضيح عن الإجراءات
مركز أبحاث الجريمة,مركز أبحاث الجريمة: واجهت مشكلة ولم أجد مساعدة
الإدارة العامة للمجاهدين,الإدارة العامة للمجاهدين: تعامل راقٍ من الموظفين
قوات الأمن الخاصة,قوات الأمن الخاصة: خدمة ممتازة وسرعة في الإجراءات
الأمن البيئي,الأمن البيئي: كل الشكر للموظف اللي ساعدني اليوم
مركز العمليات الموحدة,مركز العمليات الموحدة: تعامل راقٍ من الموظفين
الجوازات,الجوازات: الموقع لا يعمل منذ الصباح
ديوان الوزارة,ديوان الوزارة: انتظار طويل دون فائدة
السجون,السجون: خدمة سيئة جداً وتعامل سيء
حرس الحدود,حرس الحدود: خدمة سيئة جداً وتعامل سيء
أندية الوزارة,أندية الوزارة: الخدمة تحسنت كثيراً مؤخراً
حرس الحدود,حرس الحدود: تجربة رائعة أشكر جهودكم
الجوازات,الجوازات: واجهت مشكلة ولم أجد مساعدة
كلية الملك فهد الأمنية,كلية الملك فهد الأمنية: راجعت اليوم الفرع الرئيسي
الأمن البيئي,الأمن البيئي: انتظار طويل دون فائدة
قوات الأمن الخاصة,قوات الأمن الخاصة: ما هي متطلبات إصدار الجواز؟
ديوان الوزارة,ديوان الوزارة: ذهبت للاستفسار فقط
الجوازات,الجوازات: لا أحد يرد على الاستفسارات
ديوان الوزارة,ديوان الوزارة: تجربة رائعة أشكر جهودكم
الجوازات,الجوازات: الخدمة تحسنت كثيراً مؤخراً
الجوازات,الجوازات: الموقع لا يعمل منذ الصباح
قوات أمن المنشآت,قوات أمن المنشآت: هل يعمل الفرع في يوم الجمعة؟
الأمن العام,الأمن العام: انتظار طويل دون فائدة
الأمن البيئي,الأمن البيئي: أحتاج إلى توضيح عن الإجراءات
الأمن البيئي,الأمن البيئي: هل يعمل الفرع في يوم الجمعة؟
الإدارة العامة للمجاهدين,الإدارة العامة للمجاهدين: كل الشكر للموظف اللي ساعدني اليوم
الأمن العام,الأمن العام: انتظار طويل دون فائدة
ديوان الوزارة,ديوان الوزارة: واجهت مشكلة ولم أجد مساعدة
مركز المعلومات الوطني,مركز المعلومات الوطني: خدمة سيئة جداً وتعامل سيء
كلية الملك فهد الأمنية,كلية الملك فهد الأمنية: كل الشكر للموظف اللي ساعدني اليوم
مركز العمليات الموحدة,مركز العمليات الموحدة: هل يعمل الفرع في يوم الجمعة؟
أندية الوزارة,أندية الوزارة: واجهت مشكلة ولم أجد مساعدة
مركز المعلومات الوطني,مركز المعلومات الوطني: الخدمة تحسنت كثيراً مؤخراً
قوات أمن المنشآت,قوات أمن المنشآت: هل يعمل الفرع في يوم الجمعة؟
حرس الحدود,حرس الحدود: خدمة ممتازة وسرعة في الإجراءات
الجوازات,الجوازات: الموقع لا يعمل منذ الصباح
قوات أمن المنشآت,قوات أمن المنشآت: ذهبت للاستفسار فقط
الخدمات الطبية,الخدمات الطبية: الخدمة تحسنت كثيراً مؤخراً
مركز أبحاث الجريمة,مركز أبحاث الجريمة: واجهت مشكلة ولم أجد مساعدة
مركز المعلومات الوطني,مركز المعلومات الوطني: واجهت مشكلة ولم أجد مساعدة
ديوان الوزارة,ديوان الوزارة: كل الشكر للموظف اللي ساعدني اليوم
الخدمات الطبية,الخدمات الطبية: راجعت اليوم الفرع الرئيسي
الدفاع المدني,الدفاع المدني: خدمة ممتازة وسرعة في الإجراءات
أندية الوزارة,أندية الوزارة: أحتاج إلى توضيح عن الإجراءات
الأمن العام,الأمن العام: الخدمة تحسنت كثيراً مؤخراً
الأمن العام,الأمن العام: الخدمة تحسنت كثيراً مؤخراً
مركز العمليات الموحدة,مركز العمليات الموحدة: ما هي متطلبات إصدار الجواز؟
السجون,السجون: تجربة رائعة أشكر جهودكم
الجوازات,الجوازات: تجربة رائعة أشكر جهودكم
السجون,السجون: راجعت اليوم الفرع الرئيسي
أندية الوزارة,أندية الوزارة: الموقع لا يعمل منذ الصباح
الدفاع المدني,الدفاع المدني: كل الشكر للموظف اللي ساعدني اليوم
الأمن العام,الأمن العام: لا أحد يرد على الاستفسارات
الأحوال المدنية,الأحوال المدنية: خدمة سيئة جداً وتعامل سيء
قوات أمن المنشآت,قوات أمن المنشآت: انتظار طويل دون فائدة
الأمن البيئي,الأمن البيئي: لا أحد يرد على الاستفسارات
الجوازات,الجوازات: كل الشكر للموظف اللي ساعدني اليوم
أندية الوزارة,أندية الوزارة: ذهبت للاستفسار فقط
أندية الوزارة,أندية الوزارة: هل يعمل الفرع في يوم الجمعة؟
الدفاع المدني,الدفاع المدني: كل الشكر للموظف اللي ساعدني اليوم
مركز أبحاث الجريمة,مركز أبحاث الجريمة: الموقع لا يعمل منذ الصباح
كلية الملك فهد الأمنية,كلية الملك فهد الأمنية: تجربة رائعة أشكر جهودكم
مركز أبحاث الجريمة,مركز أبحاث الجريمة: الخدمة تحسنت كثيراً مؤخراً
مركز المعلومات الوطني,مركز المعلومات الوطني: ذهبت للاستفسار فقط
الأمن البيئي,الأمن البيئي: الموقع لا يعمل منذ الصباح
الخدمات الطبية,الخدمات الطبية: خدمة سيئة جداً وتعامل سيء
الخدمات الطبية,الخدمات الطبية: خدمة ممتازة وسرعة في الإجراءات
الأمن البيئي,الأمن البيئي: تعامل راقٍ من الموظفين
قوات الأمن الخاصة,قوات الأمن الخاصة: الموقع لا يعمل منذ الصباح
الجوازات,الجوازات: هل يعمل الفرع في يوم الجمعة؟
حرس الحدود,حرس الحدود: الخدمة تحسنت كثيراً مؤخراً
قوات الأمن الخاصة,قوات الأمن الخاصة: لا أحد يرد على الاستفسارات
قوات أمن المنشآت,قوات أمن المنشآت: ذهبت للاستفسار فقط
مركز العمليات الموحدة,مركز العمليات الموحدة: تعامل راقٍ من الموظفين
الخدمات الطبية,الخدمات الطبية: خدمة ممتازة وسرعة في الإجراءات
ديوان الوزارة,ديوان الوزارة: خدمة ممتازة وسرعة في الإجراءات
الدفاع المدني,الدفاع المدني: الخدمة تحسنت كثيراً مؤخراً
مركز العمليات الموحدة,مركز العمليات الموحدة: لا أحد يرد على الاستفسارات
أندية الوزارة,أندية الوزارة: تعامل راقٍ من الموظفين
الخدمات الطبية,الخدمات الطبية: راجعت اليوم الفرع الرئيسي
مركز أبحاث الجريمة,مركز أبحاث الجريمة: لا أحد يرد على الاستفسارات
قوات الأمن الخاصة,قوات الأمن الخاصة: تجربة رائعة أشكر جهودكم
قوات الأمن الخاصة,قوات الأمن الخاصة: راجعت اليوم الفرع الرئيسي
الأحوال المدنية,الأحوال المدنية: ما هي متطلبات إصدار الجواز؟
مركز أبحاث الجريمة,مركز أبحاث الجريمة: خدمة ممتازة وسرعة في الإجراءات
الأمن البيئي,الأمن البيئي: تعامل راقٍ من الموظفين
مكافحة المخدرات,مكافحة المخدرات: راجعت اليوم الفرع الرئيسي
مكافحة المخدرات,مكافحة المخدرات: خدمة ممتازة وسرعة في الإجراءات
مركز المعلومات الوطني,مركز المعلومات الوطني: الخدمة تحسنت كثيراً مؤخراً
مركز العمليات الموحدة,مركز العمليات الموحدة: خدمة ممتازة وسرعة في الإجراءات
قوات الأمن الخاصة,قوات الأمن الخاصة: تعامل راقٍ من الموظفين
الأحوال المدنية,الأحوال المدنية: خدمة سيئة جداً وتعامل سيء
حرس الحدود,حرس الحدود: تعامل راقٍ من الموظفين
حرس الحدود,حرس الحدود: كل الشكر للموظف اللي ساعدني اليوم
الإدارة العامة للمجاهدين,الإدارة العامة للمجاهدين: خدمة ممتازة وسرعة في الإجراءات
الأمن البيئي,الأمن البيئي: كل الشكر للموظف اللي ساعدني اليوم
الأمن العام,الأمن العام: ما هي متطلبات إصدار الجواز؟
أندية الوزارة,أندية الوزارة: ما هي متطلبات إصدار الجواز؟
مركز العمليات الموحدة,مركز العمليات الموحدة: الموقع لا يعمل منذ الصباح
الأحوال المدنية,الأحوال المدنية: واجهت مشكلة ولم أجد مساعدة
مركز أبحاث الجريمة,مركز أبحاث الجريمة: واجهت مشكلة ولم أجد مساعدة
مركز أبحاث الجريمة,مركز أبحاث الجريمة: تعامل راقٍ من الموظفين
مركز المعلومات الوطني,مركز المعلومات الوطني: كل الشكر للموظف اللي ساعدني اليوم
ديوان الوزارة,ديوان الوزارة: كل الشكر للموظف اللي ساعدني اليوم
قوات الأمن الخاصة,قوات الأمن الخاصة: الموقع لا يعمل منذ الصباح
السجون,السجون: خدمة ممتازة وسرعة في الإجراءات
أندية الوزارة,أندية الوزارة: انتظار طويل دون فائدة
قوات الأمن الخاصة,قوات الأمن الخاصة: هل يعمل الفرع في يوم الجمعة؟
مكافحة المخدرات,مكافحة المخدرات: لا أحد يرد على الاستفسارات
الخدمات الطبية,الخدمات الطبية: خدمة سيئة جداً وتعامل سيء
الجوازات,الجوازات: الخدمة تحسنت كثيراً مؤخراً
أندية الوزارة,أندية الوزارة: لا أحد يرد على الاستفسارات
حرس الحدود,حرس الحدود: تعامل راقٍ من الموظفين
مركز العمليات الموحدة,مركز العمليات الموحدة: تعامل راقٍ من الموظفين
الأحوال المدنية,الأحوال المدنية: راجعت اليوم الفرع الرئيسي
ديوان الوزارة,ديوان الوزارة: خدمة ممتازة وسرعة في الإجراءات
قوات الأمن الخاصة,قوات الأمن الخاصة: واجهت مشكلة ولم أجد مساعدة
قوات أمن المنشآت,قوات أمن المنشآت: كل الشكر للموظف اللي ساعدني اليوم
ديوان الوزارة,ديوان الوزارة: لا أحد يرد على الاستفسارات
الإدارة العامة للمجاهدين,الإدارة العامة للمجاهدين: أحتاج إلى توضيح عن الإجراءات
كلية الملك فهد الأمنية,كلية الملك فهد الأمنية: ذهبت للاستفسار فقط
الخدمات الطبية,الخدمات الطبية: خدمة سيئة جداً وتعامل سيء
الجوازات,الجوازات: الموقع لا يعمل منذ الصباح
حرس الحدود,حرس الحدود: لا أحد يرد على الاستفسارات
الإدارة العامة للمجاهدين,الإدارة العامة للمجاهدين: واجهت مشكلة ولم أجد مساعدة
الأمن العام,الأمن العام: خدمة سيئة جداً وتعامل سيء
مركز العمليات الموحدة,مركز العمليات الموحدة: انتظار طويل دون فائدة
الخدمات الطبية,الخدمات الطبية: ما هي متطلبات إصدار الجواز؟
مركز أبحاث الجريمة,مركز أبحاث الجريمة: خدمة ممتازة وسرعة في الإجراءات
قوات الأمن الخاصة,قوات الأمن الخاصة: الخدمة تحسنت كثيراً مؤخراً
مركز أبحاث الجريمة,مركز أبحاث الجريمة: لا أحد يرد على الاستفسارات
الدفاع المدني,الدفاع المدني: كل الشكر للموظف اللي ساعدني اليوم
مركز العمليات الموحدة,مركز العمليات الموحدة: خدمة سيئة جداً وتعامل سيء
قوات الأمن الخاصة,قوات الأمن الخاصة: خدمة سيئة جداً وتعامل سيء
الأمن العام,الأمن العام: انتظار طويل دون فائدة
الأمن العام,الأمن العام: ما هي متطلبات إصدار الجواز؟
الخدمات الطبية,الخدمات الطبية: ما هي متطلبات إصدار الجواز؟
الأمن العام,الأمن العام: تجربة رائعة أشكر جهودكم
ديوان الوزارة,ديوان الوزارة: ذهبت للاستفسار فقط
مركز المعلومات الوطني,مركز المعلومات الوطني: تجربة رائعة أشكر جهودكم
الجوازات,الجوازات: أحتاج إلى توضيح عن الإجراءات
الأمن العام,الأمن العام: كل الشكر للموظف اللي ساعدني اليوم
الأحوال المدنية,الأحوال المدنية: تجربة رائعة أشكر جهودكم
حرس الحدود,حرس الحدود: كل الشكر للموظف اللي ساعدني اليوم
حرس الحدود,حرس الحدود: كل الشكر للموظف اللي ساعدني اليوم
الجوازات,الجوازات: راجعت اليوم الفرع الرئيسي
قوات الأمن الخاصة,قوات الأمن الخاصة: انتظار طويل دون فائدة
الدفاع المدني,الدفاع المدني: كل الشكر للموظف اللي ساعدني اليوم
الجوازات,الجوازات: واجهت مشكلة ولم أجد مساعدة
مكافحة المخدرات,مكافحة المخدرات: انتظار طويل دون فائدة
كلية الملك فهد الأمنية,كلية الملك فهد الأمنية: واجهت مشكلة ولم أجد مساعدة
قوات أمن المنشآت,قوات أمن المنشآت: ذهبت للاستفسار فقط
مركز العمليات الموحدة,مركز العمليات الموحدة: انتظار طويل دون فائدة
قوات أمن المنشآت,قوات أمن المنشآت: واجهت مشكلة ولم أجد مساعدة
ديوان الوزارة,ديوان الوزارة: خدمة سيئة جداً وتعامل سيء
قوات أمن المنشآت,قوات أمن المنشآت: ذهبت للاستفسار فقط
أندية الوزارة,أندية الوزارة: هل يعمل الفرع في يوم الجمعة؟
الأمن العام,الأمن العام: أحتاج إلى توضيح عن الإجراءات
قوات الأمن الخاصة,قوات الأمن الخاصة: انتظار طويل دون فائدة
ديوان الوزارة,ديوان الوزارة: تعامل راقٍ من الموظفين
قوات أمن المنشآت,قوات أمن المنشآت: خدمة ممتازة وسرعة في الإجراءات
الجوازات,الجوازات: الخدمة تحسنت كثيراً مؤخراً
الجوازات,الجوازات: لا أحد يرد على الاستفسارات
الخدمات الطبية,الخدمات الطبية: تعامل راقٍ من الموظفين
مركز العمليات الموحدة,مركز العمليات الموحدة: كل الشكر للموظف اللي ساعدني اليوم
ديوان الوزارة,ديوان الوزارة: الموقع لا يعمل منذ الصباح
الجوازات,الجوازات: هل يعمل الفرع في يوم الجمعة؟
كلية الملك فهد الأمنية,كلية الملك فهد الأمنية: خدمة ممتازة وسرعة في الإجراءات
كلية الملك فهد الأمنية,كلية الملك فهد الأمنية: راجعت اليوم الفرع الرئيسي
الأمن العام,الأمن العام: الخدمة تحسنت كثيراً مؤخراً
قوات أمن المنشآت,قوات أمن المنشآت: خدمة ممتازة وسرعة في الإجراءات
قوات أمن المنشآت,قوات أمن المنشآت: تجربة رائعة أشكر جهودكم
كلية الملك فهد الأمنية,كلية الملك فهد الأمنية: تجربة رائعة أشكر جهودكم
مركز العمليات الموحدة,مركز العمليات الموحدة: كل الشكر للموظف اللي ساعدني اليوم
السجون,السجون: لا أحد يرد على الاستفسارات
مركز المعلومات الوطني,مركز المعلومات الوطني: أحتاج إلى توضيح عن الإجراءات
قوات أمن المنشآت,قوات أمن المنشآت: انتظار طويل دون فائدة
كلية الملك فهد الأمنية,كلية الملك فهد الأمنية: ذهبت للاستفسار فقط
ديوان الوزارة,ديوان الوزارة: الخدمة تحسنت كثيراً مؤخراً
مكافحة المخدرات,مكافحة المخدرات: ما هي متطلبات إصدار الجواز؟
مكافحة المخدرات,مكافحة المخدرات: هل يعمل الفرع في يوم الجمعة؟
الدفاع المدني,الدفاع المدني: خدمة سيئة جداً وتعامل سيء
مركز أبحاث الجريمة,مركز أبحاث الجريمة: ما هي متطلبات إصدار الجواز؟
قوات أمن المنشآت,قوات أمن المنشآت: كل الشكر للموظف اللي ساعدني اليوم
كلية الملك فهد الأمنية,كلية الملك فهد الأمنية: لا أحد يرد على الاستفسارات
ديوان الوزارة,ديوان الوزارة: خدمة ممتازة وسرعة في الإجراءات
الجوازات,الجوازات: كل الشكر للموظف اللي ساعدني اليوم
قوات أمن المنشآت,قوات أمن المنشآت: خدمة ممتازة وسرعة في الإجراءات
كلية الملك فهد الأمنية,كلية الملك فهد الأمنية: خدمة سيئة جداً وتعامل سيء
ديوان الوزارة,ديوان الوزارة: ما هي متطلبات إصدار الجواز؟
ديوان الوزارة,ديوان الوزارة: كل الشكر للموظف اللي ساعدني اليوم
مركز العمليات الموحدة,مركز العمليات الموحدة: انتظار طويل دون فائدة
أندية الوزارة,أندية الوزارة: ما هي متطلبات إصدار الجواز؟
الأمن البيئي,الأمن البيئي: ذهبت للاستفسار فقط
مركز العمليات الموحدة,مركز العمليات الموحدة: واجهت مشكلة ولم أجد مساعدة
الجوازات,الجوازات: انتظار طويل دون فائدة
الأمن البيئي,الأمن البيئي: خدمة ممتازة وسرعة في الإجراءات
مركز أبحاث الجريمة,مركز أبحاث الجريمة: ذهبت للاستفسار فقط
مركز العمليات الموحدة,مركز العمليات الموحدة: لا أحد يرد على الاستفسارات
مركز المعلومات الوطني,مركز المعلومات الوطني: راجعت اليوم الفرع الرئيسي
مركز المعلومات الوطني,مركز المعلومات الوطني: أحتاج إلى توضيح عن الإجراءات
مركز أبحاث الجريمة,مركز أبحاث الجريمة: واجهت مشكلة ولم أجد مساعدة
الإدارة العامة للمجاهدين,الإدارة العامة للمجاهدين: تعامل راقٍ من الموظفين
قوات الأمن الخاصة,قوات الأمن الخاصة: خدمة ممتازة وسرعة في الإجراءات
الأمن البيئي,الأمن البيئي: كل الشكر للموظف اللي ساعدني اليوم
مركز العمليات الموحدة,مركز العمليات الموحدة: تعامل راقٍ من الموظفين
الجوازات,الجوازات: الموقع لا يعمل منذ الصباح
ديوان الوزارة,ديوان الوزارة: انتظار طويل دون فائدة
السجون,السجون: خدمة سيئة جداً وتعامل سيء
حرس الحدود,حرس الحدود: خدمة سيئة جداً وتعامل سيء
أندية الوزارة,أندية الوزارة: الخدمة تحسنت كثيراً مؤخراً
حرس الحدود,حرس الحدود: تجربة رائعة أشكر جهودكم
الجوازات,الجوازات: واجهت مشكلة ولم أجد مساعدة
كلية الملك فهد الأمنية,كلية الملك فهد الأمنية: راجعت اليوم الفرع الرئيسي
الأمن البيئي,الأمن البيئي: انتظار طويل دون فائدة
قوات الأمن الخاصة,قوات الأمن الخاصة: ما هي متطلبات إصدار الجواز؟
ديوان الوزارة,ديوان الوزارة: ذهبت للاستفسار فقط
الجوازات,الجوازات: لا أحد يرد على الاستفسارات
ديوان الوزارة,ديوان الوزارة: تجربة رائعة أشكر جهودكم
الجوازات,الجوازات: الخدمة تحسنت كثيراً مؤخراً
الجوازات,الجوازات: الموقع لا يعمل منذ الصباح
قوات أمن المنشآت,قوات أمن المنشآت: هل يعمل الفرع في يوم الجمعة؟
الأمن العام,الأمن العام: انتظار طويل دون فائدة
الأمن البيئي,الأمن البيئي: أحتاج إلى توضيح عن الإجراءات
الأمن البيئي,الأمن البيئي: هل يعمل الفرع في يوم الجمعة؟
الإدارة العامة للمجاهدين,الإدارة العامة للمجاهدين: كل الشكر للموظف اللي ساعدني اليوم
الأمن العام,الأمن العام: انتظار طويل دون فائدة
ديوان الوزارة,ديوان الوزارة: واجهت مشكلة ولم أجد مساعدة
مركز المعلومات الوطني,مركز المعلومات الوطني: خدمة سيئة جداً وتعامل سيء
كلية الملك فهد الأمنية,كلية الملك فهد الأمنية: كل الشكر للموظف اللي ساعدني اليوم
مركز العمليات الموحدة,مركز العمليات الموحدة: هل يعمل الفرع في يوم الجمعة؟
أندية الوزارة,أندية الوزارة: واجهت مشكلة ولم أجد مساعدة
مركز المعلومات الوطني,مركز المعلومات الوطني: الخدمة تحسنت كثيراً مؤخراً
قوات أمن المنشآت,قوات أمن المنشآت: هل يعمل الفرع في يوم الجمعة؟
حرس الحدود,حرس الحدود: خدمة ممتازة وسرعة في الإجراءات
الجوازات,الجوازات: الموقع لا يعمل منذ الصباح
قوات أمن المنشآت,قوات أمن المنشآت: ذهبت للاستفسار فقط
الخدمات الطبية,الخدمات الطبية: الخدمة تحسنت كثيراً مؤخراً
مركز أبحاث الجريمة,مركز أبحاث الجريمة: واجهت مشكلة ولم أجد مساعدة
مركز المعلومات الوطني,مركز المعلومات الوطني: واجهت مشكلة ولم أجد مساعدة
ديوان الوزارة,ديوان الوزارة: كل الشكر للموظف اللي ساعدني اليوم
الخدمات الطبية,الخدمات الطبية: راجعت اليوم الفرع الرئيسي
الدفاع المدني,الدفاع المدني: خدمة ممتازة وسرعة في الإجراءات
أندية الوزارة,أندية الوزارة: أحتاج إلى توضيح عن الإجراءات
الأمن العام,الأمن العام: الخدمة تحسنت كثيراً مؤخراً
الأمن العام,الأمن العام: الخدمة تحسنت كثيراً مؤخراً
مركز العمليات الموحدة,مركز العمليات الموحدة: ما هي متطلبات إصدار الجواز؟
السجون,السجون: تجربة رائعة أشكر جهودكم
الجوازات,الجوازات: تجربة رائعة أشكر جهودكم
السجون,السجون: راجعت اليوم الفرع الرئيسي
أندية الوزارة,أندية الوزارة: الموقع لا يعمل منذ الصباح
الدفاع المدني,الدفاع المدني: كل الشكر للموظف اللي ساعدني اليوم
الأمن العام,الأمن العام: لا أحد يرد على الاستفسارات
الأحوال المدنية,الأحوال المدنية: خدمة سيئة جداً وتعامل سيء
قوات أمن المنشآت,قوات أمن المنشآت: انتظار طويل دون فائدة
الأمن البيئي,الأمن البيئي: لا أحد يرد على الاستفسارات
الجوازات,الجوازات: كل الشكر للموظف اللي ساعدني اليوم
أندية الوزارة,أندية الوزارة: ذهبت للاستفسار فقط
أندية الوزارة,أندية الوزارة: هل يعمل الفرع في يوم الجمعة؟
الدفاع المدني,الدفاع المدني: كل الشكر للموظف اللي ساعدني اليوم
مركز أبحاث الجريمة,مركز أبحاث الجريمة: الموقع لا يعمل منذ الصباح
كلية الملك فهد الأمنية,كلية الملك فهد الأمنية: تجربة رائعة أشكر جهودكم
مركز أبحاث الجريمة,مركز أبحاث الجريمة: الخدمة تحسنت كثيراً مؤخراً
مركز المعلومات الوطني,مركز المعلومات الوطني: ذهبت للاستفسار فقط
الأمن البيئي,الأمن البيئي: الموقع لا يعمل منذ الصباح
الخدمات الطبية,الخدمات الطبية: خدمة سيئة جداً وتعامل سيء
الخدمات الطبية,الخدمات الطبية: خدمة ممتازة وسرعة في الإجراءات
الأمن البيئي,الأمن البيئي: تعامل راقٍ من الموظفين
قوات الأمن الخاصة,قوات الأمن الخاصة: الموقع لا يعمل منذ الصباح
الجوازات,الجوازات: هل يعمل الفرع في يوم الجمعة؟
حرس الحدود,حرس الحدود: الخدمة تحسنت كثيراً مؤخراً
قوات الأمن الخاصة,قوات الأمن الخاصة: لا أحد يرد على الاستفسارات
قوات أمن المنشآت,قوات أمن المنشآت: ذهبت للاستفسار فقط
مركز العمليات الموحدة,مركز العمليات الموحدة: تعامل راقٍ من الموظفين
الخدمات الطبية,الخدمات الطبية: خدمة ممتازة وسرعة في الإجراءات
ديوان الوزارة,ديوان الوزارة: خدمة ممتازة وسرعة في الإجراءات
الدفاع المدني,الدفاع المدني: الخدمة تحسنت كثيراً مؤخراً
مركز العمليات الموحدة,مركز العمليات الموحدة: لا أحد يرد على الاستفسارات
أندية الوزارة,أندية الوزارة: تعامل راقٍ من الموظفين
الخدمات الطبية,الخدمات الطبية: راجعت اليوم الفرع الرئيسي
مركز أبحاث الجريمة,مركز أبحاث الجريمة: لا أحد يرد على الاستفسارات
قوات الأمن الخاصة,قوات الأمن الخاصة: تجربة رائعة أشكر جهودكم
قوات الأمن الخاصة,قوات الأمن الخاصة: راجعت اليوم الفرع الرئيسي
الأحوال المدنية,الأحوال المدنية: ما هي متطلبات إصدار الجواز؟
مركز أبحاث الجريمة,مركز أبحاث الجريمة: خدمة ممتازة وسرعة في الإجراءات
الأمن البيئي,الأمن البيئي: تعامل راقٍ من الموظفين
مكافحة المخدرات,مكافحة المخدرات: راجعت اليوم الفرع الرئيسي
مكافحة المخدرات,مكافحة المخدرات: خدمة ممتازة وسرعة في الإجراءات
مركز المعلومات الوطني,مركز المعلومات الوطني: الخدمة تحسنت كثيراً مؤخراً
مركز العمليات الموحدة,مركز العمليات الموحدة: خدمة ممتازة وسرعة في الإجراءات
قوات الأمن الخاصة,قوات الأمن الخاصة: تعامل راقٍ من الموظفين
الأحوال المدنية,الأحوال المدنية: خدمة سيئة جداً وتعامل سيء
حرس الحدود,حرس الحدود: تعامل راقٍ من الموظفين
حرس الحدود,حرس الحدود: كل الشكر للموظف اللي ساعدني اليوم
الإدارة العامة للمجاهدين,الإدارة العامة للمجاهدين: خدمة ممتازة وسرعة في الإجراءات
الأمن البيئي,الأمن البيئي: كل الشكر للموظف اللي ساعدني اليوم
الأمن العام,الأمن العام: ما هي متطلبات إصدار الجواز؟
أندية الوزارة,أندية الوزارة: ما هي متطلبات إصدار الجواز؟
مركز العمليات الموحدة,مركز العمليات الموحدة: الموقع لا يعمل منذ الصباح
الأحوال المدنية,الأحوال المدنية: واجهت مشكلة ولم أجد مساعدة
مركز أبحاث الجريمة,مركز أبحاث الجريمة: واجهت مشكلة ولم أجد مساعدة
مركز أبحاث الجريمة,مركز أبحاث الجريمة: تعامل راقٍ من الموظفين
مركز المعلومات الوطني,مركز المعلومات الوطني: كل الشكر للموظف اللي ساعدني اليوم
ديوان الوزارة,ديوان الوزارة: كل الشكر للموظف اللي ساعدني اليوم
قوات الأمن الخاصة,قوات الأمن الخاصة: الموقع لا يعمل منذ الصباح
السجون,السجون: خدمة ممتازة وسرعة في الإجراءات
أندية الوزارة,أندية الوزارة: انتظار طويل دون فائدة
قوات الأمن الخاصة,قوات الأمن الخاصة: هل يعمل الفرع في يوم الجمعة؟
مكافحة المخدرات,مكافحة المخدرات: لا أحد يرد على الاستفسارات
الخدمات الطبية,الخدمات الطبية: خدمة سيئة جداً وتعامل سيء
الجوازات,الجوازات: الخدمة تحسنت كثيراً مؤخراً
أندية الوزارة,أندية الوزارة: لا أحد يرد على الاستفسارات
حرس الحدود,حرس الحدود: تعامل راقٍ من الموظفين
مركز العمليات الموحدة,مركز العمليات الموحدة: تعامل راقٍ من الموظفين
الأحوال المدنية,الأحوال المدنية: راجعت اليوم الفرع الرئيسي
ديوان الوزارة,ديوان الوزارة: خدمة ممتازة وسرعة في الإجراءات
قوات الأمن الخاصة,قوات الأمن الخاصة: واجهت مشكلة ولم أجد مساعدة
قوات أمن المنشآت,قوات أمن المنشآت: كل الشكر للموظف اللي ساعدني اليوم
ديوان الوزارة,ديوان الوزارة: لا أحد يرد على الاستفسارات
الإدارة العامة للمجاهدين,الإدارة العامة للمجاهدين: أحتاج إلى توضيح عن الإجراءات
كلية الملك فهد الأمنية,كلية الملك فهد الأمنية: ذهبت للاستفسار فقط
الخدمات الطبية,الخدمات الطبية: خدمة سيئة جداً وتعامل سيء
الجوازات,الجوازات: الموقع لا يعمل منذ الصباح
حرس الحدود,حرس الحدود: لا أحد يرد على الاستفسارات
الإدارة العامة للمجاهدين,الإدارة العامة للمجاهدين: واجهت مشكلة ولم أجد مساعدة
الأمن العام,الأمن العام: خدمة سيئة جداً وتعامل سيء
مركز العمليات الموحدة,مركز العمليات الموحدة: انتظار طويل دون فائدة
الخدمات الطبية,الخدمات الطبية: ما هي متطلبات إصدار الجواز؟
مركز أبحاث الجريمة,مركز أبحاث الجريمة: خدمة ممتازة وسرعة في الإجراءات
قوات الأمن الخاصة,قوات الأمن الخاصة: الخدمة تحسنت كثيراً مؤخراً
مركز أبحاث الجريمة,مركز أبحاث الجريمة: لا أحد يرد على الاستفسارات
الدفاع المدني,الدفاع المدني: كل الشكر للموظف اللي ساعدني اليوم
مركز العمليات الموحدة,مركز العمليات الموحدة: خدمة سيئة جداً وتعامل سيء
قوات الأمن الخاصة,قوات الأمن الخاصة: خدمة سيئة جداً وتعامل سيء
الأمن العام,الأمن العام: انتظار طويل دون فائدة
الأمن العام,الأمن العام: ما هي متطلبات إصدار الجواز؟
الخدمات الطبية,الخدمات الطبية: ما هي متطلبات إصدار الجواز؟
الأمن العام,الأمن العام: تجربة رائعة أشكر جهودكم
ديوان الوزارة,ديوان الوزارة: ذهبت للاستفسار فقط
مركز المعلومات الوطني,مركز المعلومات الوطني: تجربة رائعة أشكر جهودكم
الجوازات,الجوازات: أحتاج إلى توضيح عن الإجراءات
الأمن العام,الأمن العام: كل الشكر للموظف اللي ساعدني اليوم
الأحوال المدنية,الأحوال المدنية: تجربة رائعة أشكر جهودكم
حرس الحدود,حرس الحدود: كل الشكر للموظف اللي ساعدني اليوم
حرس الحدود,حرس الحدود: كل الشكر للموظف اللي ساعدني اليوم
الجوازات,الجوازات: راجعت اليوم الفرع الرئيسي
قوات الأمن الخاصة,قوات الأمن الخاصة: انتظار طويل دون فائدة
الدفاع المدني,الدفاع المدني: كل الشكر للموظف اللي ساعدني اليوم
الجوازات,الجوازات: واجهت مشكلة ولم أجد مساعدة
مكافحة المخدرات,مكافحة المخدرات: انتظار طويل دون فائدة
كلية الملك فهد الأمنية,كلية الملك فهد الأمنية: واجهت مشكلة ولم أجد مساعدة
قوات أمن المنشآت,قوات أمن المنشآت: ذهبت للاستفسار فقط
مركز العمليات الموحدة,مركز العمليات الموحدة: انتظار طويل دون فائدة
قوات أمن المنشآت,قوات أمن المنشآت: واجهت مشكلة ولم أجد مساعدة
ديوان الوزارة,ديوان الوزارة: خدمة سيئة جداً وتعامل سيء
قوات أمن المنشآت,قوات أمن المنشآت: ذهبت للاستفسار فقط
أندية الوزارة,أندية الوزارة: هل يعمل الفرع في يوم الجمعة؟
الأمن العام,الأمن العام: أحتاج إلى توضيح عن الإجراءات
قوات الأمن الخاصة,قوات الأمن الخاصة: انتظار طويل دون فائدة
ديوان الوزارة,ديوان الوزارة: تعامل راقٍ من الموظفين
قوات أمن المنشآت,قوات أمن المنشآت: خدمة ممتازة وسرعة في الإجراءات
الجوازات,الجوازات: الخدمة تحسنت كثيراً مؤخراً
الجوازات,الجوازات: لا أحد يرد على الاستفسارات
الخدمات الطبية,الخدمات الطبية: تعامل راقٍ من الموظفين
مركز العمليات الموحدة,مركز العمليات الموحدة: كل الشكر للموظف اللي ساعدني اليوم
ديوان الوزارة,ديوان الوزارة: الموقع لا يعمل منذ الصباح
الجوازات,الجوازات: هل يعمل الفرع في يوم الجمعة؟
كلية الملك فهد الأمنية,كلية الملك فهد الأمنية: خدمة ممتازة وسرعة في الإجراءات
كلية الملك فهد الأمنية,كلية الملك فهد الأمنية: راجعت اليوم الفرع الرئيسي
الأمن العام,الأمن العام: الخدمة تحسنت كثيراً مؤخراً
قوات أمن المنشآت,قوات أمن المنشآت: خدمة ممتازة وسرعة في الإجراءات
قوات أمن المنشآت,قوات أمن المنشآت: تجربة رائعة أشكر جهودكم
كلية الملك فهد الأمنية,كلية الملك فهد الأمنية: تجربة رائعة أشكر جهودكم
مركز العمليات الموحدة,مركز العمليات الموحدة: كل الشكر للموظف اللي ساعدني اليوم
السجون,السجون: لا أحد يرد على الاستفسارات
مركز المعلومات الوطني,مركز المعلومات الوطني: أحتاج إلى توضيح عن الإجراءات
قوات أمن المنشآت,قوات أمن المنشآت: انتظار طويل دون فائدة
كلية الملك فهد الأمنية,كلية الملك فهد الأمنية: ذهبت للاستفسار فقط
ديوان الوزارة,ديوان الوزارة: الخدمة تحسنت كثيراً مؤخراً
مكافحة المخدرات,مكافحة المخدرات: ما هي متطلبات إصدار الجواز؟
مكافحة المخدرات,مكافحة المخدرات: هل يعمل الفرع في يوم الجمعة؟
الدفاع المدني,الدفاع المدني: خدمة سيئة جداً وتعامل سيء
مركز أبحاث الجريمة,مركز أبحاث الجريمة: ما هي متطلبات إصدار الجواز؟
قوات أمن المنشآت,قوات أمن المنشآت: كل الشكر للموظف اللي ساعدني اليوم
كلية الملك فهد الأمنية,كلية الملك فهد الأمنية: لا أحد يرد على الاستفسارات
ديوان الوزارة,ديوان الوزارة: خدمة ممتازة وسرعة في الإجراءات
الجوازات,الجوازات: كل الشكر للموظف اللي ساعدني اليوم
قوات أمن المنشآت,قوات أمن المنشآت: خدمة ممتازة وسرعة في الإجراءات
كلية الملك فهد الأمنية,كلية الملك فهد الأمنية: خدمة سيئة جداً وتعامل سيء
ديوان الوزارة,ديوان الوزارة: ما هي متطلبات إصدار الجواز؟
ديوان الوزارة,ديوان الوزارة: كل الشكر للموظف اللي ساعدني اليوم
مركز العمليات الموحدة,مركز العمليات الموحدة: انتظار طويل دون فائدة
أندية الوزارة,أندية الوزارة: ما هي متطلبات إصدار الجواز؟
الأمن البيئي,الأمن البيئي: ذهبت للاستفسار فقط
مركز العمليات الموحدة,مركز العمليات الموحدة: واجهت مشكلة ولم أجد مساعدة
الجوازات,الجوازات: انتظار طويل دون فائدة
الأمن البيئي,الأمن البيئي: خدمة ممتازة وسرعة في الإجراءات
مركز أبحاث الجريمة,مركز أبحاث الجريمة: ذهبت للاستفسار فقط
مركز العمليات الموحدة,مركز العمليات الموحدة: لا أحد يرد على الاستفسارات
مركز المعلومات الوطني,مركز المعلومات الوطني: راجعت اليوم الفرع الرئيسي
مركز المعلومات الوطني,مركز المعلومات الوطني: أحتاج إلى توضيح عن الإجراءات
مركز أبحاث الجريمة,مركز أبحاث الجريمة: واجهت مشكلة ولم أجد مساعدة
الإدارة العامة للمجاهدين,الإدارة العامة للمجاهدين: تعامل راقٍ من الموظفين
قوات الأمن الخاصة,قوات الأمن الخاصة: خدمة ممتازة وسرعة في الإجراءات
الأمن البيئي,الأمن البيئي: كل الشكر للموظف اللي ساعدني اليوم
مركز العمليات الموحدة,مركز العمليات الموحدة: تعامل راقٍ من الموظفين
الجوازات,الجوازات: الموقع لا يعمل منذ الصباح
ديوان الوزارة,ديوان الوزارة: انتظار طويل دون فائدة
السجون,السجون: خدمة سيئة جداً وتعامل سيء
حرس الحدود,حرس الحدود: خدمة سيئة جداً وتعامل سيء
أندية الوزارة,أندية الوزارة: الخدمة تحسنت كثيراً مؤخراً
حرس الحدود,حرس الحدود: تجربة رائعة أشكر جهودكم
الجوازات,الجوازات: واجهت مشكلة ولم أجد مساعدة
كلية الملك فهد الأمنية,كلية الملك فهد الأمنية: راجعت اليوم الفرع الرئيسي
الأمن البيئي,الأمن البيئي: انتظار طويل دون فائدة
قوات الأمن الخاصة,قوات الأمن الخاصة: ما هي متطلبات إصدار الجواز؟
ديوان الوزارة,ديوان الوزارة: ذهبت للاستفسار فقط
الجوازات,الجوازات: لا أحد يرد على الاستفسارات
ديوان الوزارة,ديوان الوزارة: تجربة رائعة أشكر جهودكم
الجوازات,الجوازات: الخدمة تحسنت كثيراً مؤخراً
الجوازات,الجوازات: الموقع لا يعمل منذ الصباح
قوات أمن المنشآت,قوات أمن المنشآت: هل يعمل الفرع في يوم الجمعة؟
الأمن العام,الأمن العام: انتظار طويل دون فائدة
الأمن البيئي,الأمن البيئي: أحتاج إلى توضيح عن الإجراءات
الأمن البيئي,الأمن البيئي: هل يعمل الفرع في يوم الجمعة؟
الإدارة العامة للمجاهدين,الإدارة العامة للمجاهدين: كل الشكر للموظف اللي ساعدني اليوم
الأمن العام,الأمن العام: انتظار طويل دون فائدة
ديوان الوزارة,ديوان الوزارة: واجهت مشكلة ولم أجد مساعدة
مركز المعلومات الوطني,مركز المعلومات الوطني: خدمة سيئة جداً وتعامل سيء
كلية الملك فهد الأمنية,كلية الملك فهد الأمنية: كل الشكر للموظف اللي ساعدني اليوم
مركز العمليات الموحدة,مركز العمليات الموحدة: هل يعمل الفرع في يوم الجمعة؟
أندية الوزارة,أندية الوزارة: واجهت مشكلة ولم أجد مساعدة
مركز المعلومات الوطني,مركز المعلومات الوطني: الخدمة تحسنت كثيراً مؤخراً
قوات أمن المنشآت,قوات أمن المنشآت: هل يعمل الفرع في يوم الجمعة؟
حرس الحدود,حرس الحدود: خدمة ممتازة وسرعة في الإجراءات
الجوازات,الجوازات: الموقع لا يعمل منذ الصباح
قوات أمن المنشآت,قوات أمن المنشآت: ذهبت للاستفسار فقط
الخدمات الطبية,الخدمات الطبية: الخدمة تحسنت كثيراً مؤخراً
مركز أبحاث الجريمة,مركز أبحاث الجريمة: واجهت مشكلة ولم أجد مساعدة
مركز المعلومات الوطني,مركز المعلومات الوطني: واجهت مشكلة ولم أجد مساعدة
ديوان الوزارة,ديوان الوزارة: كل الشكر للموظف اللي ساعدني اليوم
الخدمات الطبية,الخدمات الطبية: راجعت اليوم الفرع الرئيسي
الدفاع المدني,الدفاع المدني: خدمة ممتازة وسرعة في الإجراءات
أندية الوزارة,أندية الوزارة: أحتاج إلى توضيح عن الإجراءات
الأمن العام,الأمن العام: الخدمة تحسنت كثيراً مؤخراً
الأمن العام,الأمن العام: الخدمة تحسنت كثيراً مؤخراً
مركز العمليات الموحدة,مركز العمليات الموحدة: ما هي متطلبات إصدار الجواز؟
السجون,السجون: تجربة رائعة أشكر جهودكم
الجوازات,الجوازات: تجربة رائعة أشكر جهودكم
السجون,السجون: راجعت اليوم الفرع الرئيسي
أندية الوزارة,أندية الوزارة: الموقع لا يعمل منذ الصباح
الدفاع المدني,الدفاع المدني: كل الشكر للموظف اللي ساعدني اليوم
الأمن العام,الأمن العام: لا أحد يرد على الاستفسارات
الأحوال المدنية,الأحوال المدنية: خدمة سيئة جداً وتعامل سيء
قوات أمن المنشآت,قوات أمن المنشآت: انتظار طويل دون فائدة
الأمن البيئي,الأمن البيئي: لا أحد يرد على الاستفسارات
الجوازات,الجوازات: كل الشكر للموظف اللي ساعدني اليوم
أندية الوزارة,أندية الوزارة: ذهبت للاستفسار فقط
أندية الوزارة,أندية الوزارة: هل يعمل الفرع في يوم الجمعة؟
الدفاع المدني,الدفاع المدني: كل الشكر للموظف اللي ساعدني اليوم
مركز أبحاث الجريمة,مركز أبحاث الجريمة: الموقع لا يعمل منذ الصباح
كلية الملك فهد الأمنية,كلية الملك فهد الأمنية: تجربة رائعة أشكر جهودكم
مركز أبحاث الجريمة,مركز أبحاث الجريمة: الخدمة تحسنت كثيراً مؤخراً
مركز المعلومات الوطني,مركز المعلومات الوطني: ذهبت للاستفسار فقط
الأمن البيئي,الأمن البيئي: الموقع لا يعمل منذ الصباح
الخدمات الطبية,الخدمات الطبية: خدمة سيئة جداً وتعامل سيء
الخدمات الطبية,الخدمات الطبية: خدمة ممتازة وسرعة في الإجراءات
الأمن البيئي,الأمن البيئي: تعامل راقٍ من الموظفين
قوات الأمن الخاصة,قوات الأمن الخاصة: الموقع لا يعمل منذ الصباح
الجوازات,الجوازات: هل يعمل الفرع في يوم الجمعة؟
حرس الحدود,حرس الحدود: الخدمة تحسنت كثيراً مؤخراً
قوات الأمن الخاصة,قوات الأمن الخاصة: لا أحد يرد على الاستفسارات
قوات أمن المنشآت,قوات أمن المنشآت: ذهبت للاستفسار فقط
مركز العمليات الموحدة,مركز العمليات الموحدة: تعامل راقٍ من الموظفين
الخدمات الطبية,الخدمات الطبية: خدمة ممتازة وسرعة في الإجراءات
ديوان الوزارة,ديوان الوزارة: خدمة ممتازة وسرعة في الإجراءات
الدفاع المدني,الدفاع المدني: الخدمة تحسنت كثيراً مؤخراً
مركز العمليات الموحدة,مركز العمليات الموحدة: لا أحد يرد على الاستفسارات
أندية الوزارة,أندية الوزارة: تعامل راقٍ من الموظفين
الخدمات الطبية,الخدمات الطبية: راجعت اليوم الفرع الرئيسي
مركز أبحاث الجريمة,مركز أبحاث الجريمة: لا أحد يرد على الاستفسارات
قوات الأمن الخاصة,قوات الأمن الخاصة: تجربة رائعة أشكر جهودكم
قوات الأمن الخاصة,قوات الأمن الخاصة: راجعت اليوم الفرع الرئيسي
الأحوال المدنية,الأحوال المدنية: ما هي متطلبات إصدار الجواز؟
مركز أبحاث الجريمة,مركز أبحاث الجريمة: خدمة ممتازة وسرعة في الإجراءات
الأمن البيئي,الأمن البيئي: تعامل راقٍ من الموظفين
مكافحة المخدرات,مكافحة المخدرات: راجعت اليوم الفرع الرئيسي
مكافحة المخدرات,مكافحة المخدرات: خدمة ممتازة وسرعة في الإجراءات
مركز المعلومات الوطني,مركز المعلومات الوطني: الخدمة تحسنت كثيراً مؤخراً
مركز العمليات الموحدة,مركز العمليات الموحدة: خدمة ممتازة وسرعة في الإجراءات
قوات الأمن الخاصة,قوات الأمن الخاصة: تعامل راقٍ من الموظفين
الأحوال المدنية,الأحوال المدنية: خدمة سيئة جداً وتعامل سيء
حرس الحدود,حرس الحدود: تعامل راقٍ من الموظفين
حرس الحدود,حرس الحدود: كل الشكر للموظف اللي ساعدني اليوم
الإدارة العامة للمجاهدين,الإدارة العامة للمجاهدين: خدمة ممتازة وسرعة في الإجراءات
الأمن البيئي,الأمن البيئي: كل الشكر للموظف اللي ساعدني اليوم
الأمن العام,الأمن العام: ما هي متطلبات إصدار الجواز؟
أندية الوزارة,أندية الوزارة: ما هي متطلبات إصدار الجواز؟
مركز العمليات الموحدة,مركز العمليات الموحدة: الموقع لا يعمل منذ الصباح
الأحوال المدنية,الأحوال المدنية: واجهت مشكلة ولم أجد مساعدة
مركز أبحاث الجريمة,مركز أبحاث الجريمة: واجهت مشكلة ولم أجد مساعدة
مركز أبحاث الجريمة,مركز أبحاث الجريمة: تعامل راقٍ من الموظفين
مركز المعلومات الوطني,مركز المعلومات الوطني: كل الشكر للموظف اللي ساعدني اليوم
ديوان الوزارة,ديوان الوزارة: كل الشكر للموظف اللي ساعدني اليوم
قوات الأمن الخاصة,قوات الأمن الخاصة: الموقع لا يعمل منذ الصباح
السجون,السجون: خدمة ممتازة وسرعة في الإجراءات
أندية الوزارة,أندية الوزارة: انتظار طويل دون فائدة
قوات الأمن الخاصة,قوات الأمن الخاصة: هل يعمل الفرع في يوم الجمعة؟
مكافحة المخدرات,مكافحة المخدرات: لا أحد يرد على الاستفسارات
الخدمات الطبية,الخدمات الطبية: خدمة سيئة جداً وتعامل سيء
الجوازات,الجوازات: الخدمة تحسنت كثيراً مؤخراً
أندية الوزارة,أندية الوزارة: لا أحد يرد على الاستفسارات
حرس الحدود,حرس الحدود: تعامل راقٍ من الموظفين
مركز العمليات الموحدة,مركز العمليات الموحدة: تعامل راقٍ من الموظفين
الأحوال المدنية,الأحوال المدنية: راجعت اليوم الفرع الرئيسي
ديوان الوزارة,ديوان الوزارة: خدمة ممتازة وسرعة في الإجراءات
